title,link
Contribute to LD Voices,https://trello.com/c/lqZQ5Lui/25-ldvoices
Contribute to LD Voices,https://trello.com/c/lqZQ5Lui/25-ldvoices
Contribute to LD Voices,https://trello.com/c/lqZQ5Lui/25-ldvoices
Contribute to LD Voices,https://trello.com/c/lqZQ5Lui/25-ldvoices
Contribute to LD Voices,https://trello.com/c/lqZQ5Lui/25-ldvoices
Contribute to LD Voices,https://trello.com/c/lqZQ5Lui/25-ldvoices
Contribute to LD Voices,https://trello.com/c/lqZQ5Lui/25-ldvoices
Contribute to LD Voices,https://trello.com/c/lqZQ5Lui/25-ldvoices
Contribute to LD Voices,https://trello.com/c/lqZQ5Lui/25-ldvoices
Contribute to LD Voices,https://trello.com/c/lqZQ5Lui/25-ldvoices
Foo bar baz,http://example.com
